{"cameraMode":{"drawMode":0,"name":"Shaded","section":"Shading Mode"},"sceneLighting":true,"audioPlay":false,"sceneViewState":{"showFog":true,"showMaterialUpdate":false,"showSkybox":true,"showFlares":true,"showImageEffects":true,"showParticleSystems":true},"in2DMode":false,"pivot":{"x":-0.3673248291015625,"y":0.3112030029296875,"z":0.06689453125},"rotation":{"x":0.3884628415107727,"y":0.22656340897083283,"z":-0.09919272363185883,"w":0.8877221345901489},"size":3.8606088161468508,"orthographic":true}