{"cameraMode":{"drawMode":0,"name":"Shaded","section":"Shading Mode"},"sceneLighting":true,"audioPlay":false,"sceneViewState":{"showFog":true,"showMaterialUpdate":false,"showSkybox":true,"showFlares":true,"showImageEffects":true,"showParticleSystems":true},"in2DMode":false,"pivot":{"x":0.13372802734375,"y":-0.202117919921875,"z":-0.0543212890625},"rotation":{"x":-0.16731411218643189,"y":-0.30667588114738467,"z":0.05488051474094391,"w":-0.9354230761528015},"size":0.6822641491889954,"orthographic":true}