{"cameraMode":{"drawMode":0,"name":"Shaded","section":"Shading Mode"},"sceneLighting":true,"audioPlay":false,"sceneViewState":{"showFog":true,"showMaterialUpdate":false,"showSkybox":true,"showFlares":true,"showImageEffects":true,"showParticleSystems":true},"in2DMode":false,"pivot":{"x":0.1497802734375,"y":-0.2001953125,"z":-2.090423583984375},"rotation":{"x":0.5474854707717896,"y":0.45251864194869997,"z":-0.49737662076950076,"w":0.49826568365097048},"size":5.9270172119140629,"orthographic":true}