{"cameraMode":{"drawMode":0,"name":"Shaded","section":"Shading Mode"},"sceneLighting":true,"audioPlay":false,"sceneViewState":{"showFog":true,"showMaterialUpdate":false,"showSkybox":true,"showFlares":true,"showImageEffects":true,"showParticleSystems":true},"in2DMode":false,"pivot":{"x":-0.5255928039550781,"y":1.2576904296875,"z":-0.854736328125},"rotation":{"x":-0.43482911586761477,"y":-0.025960979983210565,"z":0.012495627626776696,"w":-0.9001578688621521},"size":2.1855995655059816,"orthographic":true}