{"cameraMode":{"drawMode":0,"name":"Shaded","section":"Shading Mode"},"sceneLighting":true,"audioPlay":false,"sceneViewState":{"showFog":true,"showMaterialUpdate":false,"showSkybox":true,"showFlares":true,"showImageEffects":true,"showParticleSystems":true},"in2DMode":false,"pivot":{"x":-0.0863800123333931,"y":-0.16759000718593598,"z":0.30000001192092898},"rotation":{"x":0.011948542669415474,"y":0.09225985407829285,"z":-0.001107185147702694,"w":0.9956632256507874},"size":26.8991756439209,"orthographic":true}