{"cameraMode":{"drawMode":0,"name":"Shaded","section":"Shading Mode"},"sceneLighting":true,"audioPlay":false,"sceneViewState":{"showFog":true,"showMaterialUpdate":false,"showSkybox":true,"showFlares":true,"showImageEffects":true,"showParticleSystems":true},"in2DMode":false,"pivot":{"x":0.5283203125,"y":0.544921875,"z":-1.24847412109375},"rotation":{"x":-0.0877215564250946,"y":-0.3677455484867096,"z":0.03479420393705368,"w":-0.9252263903617859},"size":3.2782413959503176,"orthographic":true}