{"cameraMode":{"drawMode":0,"name":"Shaded","section":"Shading Mode"},"sceneLighting":false,"audioPlay":false,"sceneViewState":{"showFog":true,"showMaterialUpdate":false,"showSkybox":true,"showFlares":true,"showImageEffects":true,"showParticleSystems":true},"in2DMode":false,"pivot":{"x":0.008148193359375,"y":59.74329376220703,"z":3.6594247817993166},"rotation":{"x":-0.08533202111721039,"y":-0.5232818722724915,"z":0.05277390405535698,"w":-0.8462508320808411},"size":1183.3629150390625,"orthographic":true}