{"cameraMode":{"drawMode":0,"name":"Shaded","section":"Shading Mode"},"sceneLighting":true,"audioPlay":false,"sceneViewState":{"showFog":true,"showMaterialUpdate":false,"showSkybox":true,"showFlares":true,"showImageEffects":true,"showParticleSystems":true},"in2DMode":false,"pivot":{"x":0.980446994304657,"y":0.5013351440429688,"z":-1.2392578125},"rotation":{"x":0.1366586834192276,"y":0.45447757840156557,"z":-0.07077819108963013,"w":0.8774508237838745},"size":4.148083209991455,"orthographic":true}