{"cameraMode":{"drawMode":0,"name":"Shaded","section":"Shading Mode"},"sceneLighting":true,"audioPlay":false,"sceneViewState":{"showFog":true,"showMaterialUpdate":false,"showSkybox":true,"showFlares":true,"showImageEffects":true,"showParticleSystems":true},"in2DMode":false,"pivot":{"x":-0.89739990234375,"y":24.556488037109376,"z":-27.3023681640625},"rotation":{"x":0.3884628415107727,"y":0.22656340897083283,"z":-0.09919272363185883,"w":0.8877221345901489},"size":5120.85400390625,"orthographic":true}